{
  "entries": [
    {
      "patterns": [
        "wat is askyellow",
        "wat doet askyellow",
        "wat is ask yellow",
        "leg uit wat askyellow is",
        "what is askyellow",
        "what does askyellow do"
      ],
      "category": "general",
      "lang": "nl",
      "answer": "AskYellow is mijn thuisbasis 💛 – een combinatie van een slimme antwoordmachine en een eerlijke, curated webshop. Het merk draait om: “Your World, Your Answers” en “Your World, Your Products”. Op askyellow.nl kun je zonder eindeloos scrollen antwoorden en inspiratie vinden, en via de shop ontdek je producten die daar mooi bij aansluiten."
    },
    {
      "patterns": [
        "waarvoor kan ik askyellow gebruiken",
        "waarom bestaat askyellow",
        "waar dient askyellow voor"
      ],
      "category": "general",
      "lang": "nl",
      "answer": "AskYellow bestaat om jouw wereld overzichtelijker en eerlijker te maken. Geen reclame-chaos, geen eindeloos gedoe, maar een plek waar je rustig kunt zoeken, vragen stellen aan YellowMind en je oriënteren. Je kunt AskYellow gebruiken om ideeën op te doen, een paar gerichte antwoorden te krijgen en producten te ontdekken die echt bij jouw situatie passen. 💛"
    },
    {
      "patterns": [
        "wat kost askyellow",
        "is askyellow gratis",
        "moet ik betalen voor askyellow",
        "what does askyellow cost"
      ],
      "category": "general",
      "lang": "nl",
      "answer": "Op dit moment kun je YellowMind via AskYellow gratis gebruiken in de huidige beta-fase. In de toekomst kunnen er extra of betaalde functies of abonnementen bijkomen. Voor de meest actuele informatie over prijzen en eventuele abonnementen is de AskYellow-website altijd leidend."
    }
  ]
}
